im_105.0deg_frame_1,24.0,26.0,27.0,29.0,30.0,33.0,34.0,37.0,35.0,34.0,31.0,28.0,25.0,25.0,25.0,30.0,37.0,50.0,62.0,78.0,92.0,109.0,119.0,131.0,129.0,133.0,118.0,112.0,96.0,86.0,74.0,61.0,53.0,48.0,38.0,35.0,30.0,24.0,23.0,19.0,16.0,16.0,16.0,14.0,16.0,14.0,16.0,14.0,16.0,14.0
im_101.3deg_frame_1,21.0,22.0,22.0,25.0,24.0,26.0,27.0,29.0,29.0,31.0,30.0,27.0,23.0,22.0,22.0,23.0,28.0,36.0,43.0,59.0,74.0,89.0,103.0,111.0,118.0,128.0,116.0,112.0,102.0,96.0,84.0,74.0,63.0,53.0,46.0,39.0,32.0,26.0,22.0,19.0,17.0,16.0,16.0,14.0,16.0,14.0,16.0,14.0,16.0,15.0
im_108.5deg_frame_1,20.0,22.0,23.0,24.0,26.0,28.0,32.0,34.0,36.0,39.0,37.0,38.0,37.0,36.0,32.0,36.0,38.0,47.0,55.0,73.0,85.0,109.0,122.0,140.0,141.0,148.0,140.0,133.0,118.0,106.0,89.0,82.0,64.0,59.0,47.0,41.0,36.0,33.0,27.0,25.0,21.0,20.0,18.0,16.0,16.0,14.0,16.0,13.0,16.0,13.0
im_114.9deg_frame_1,21.0,22.0,21.0,21.0,22.0,25.0,25.0,29.0,31.0,32.0,33.0,32.0,34.0,36.0,35.0,36.0,39.0,48.0,61.0,81.0,105.0,131.0,145.0,161.0,166.0,170.0,163.0,159.0,135.0,122.0,97.0,83.0,65.0,54.0,42.0,35.0,31.0,30.0,27.0,23.0,22.0,20.0,16.0,16.0,14.0,16.0,14.0,16.0,15.0,16.0
im_111.8deg_frame_1,23.0,23.0,22.0,21.0,22.0,24.0,24.0,27.0,27.0,31.0,32.0,33.0,32.0,29.0,28.0,27.0,29.0,35.0,43.0,59.0,76.0,99.0,118.0,138.0,143.0,149.0,148.0,143.0,123.0,110.0,89.0,78.0,65.0,52.0,45.0,40.0,32.0,28.0,24.0,22.0,19.0,19.0,17.0,18.0,16.0,16.0,14.0,16.0,13.0,16.0
im_121.0deg_frame_1,19.0,20.0,18.0,21.0,24.0,26.0,28.0,29.0,24.0,27.0,27.0,26.0,26.0,26.0,29.0,35.0,50.0,72.0,93.0,121.0,151.0,183.0,193.0,218.0,204.0,201.0,189.0,173.0,141.0,117.0,92.0,71.0,54.0,40.0,33.0,27.0,24.0,25.0,25.0,26.0,24.0,22.0,20.0,19.0,16.0,16.0,14.0,16.0,13.0,16.0
im_118.0deg_frame_1,21.0,21.0,19.0,19.0,19.0,21.0,23.0,25.0,26.0,28.0,29.0,28.0,27.0,26.0,25.0,31.0,35.0,51.0,68.0,93.0,119.0,146.0,160.0,183.0,187.0,193.0,181.0,171.0,143.0,119.0,98.0,78.0,60.0,49.0,39.0,35.0,30.0,26.0,21.0,23.0,20.0,20.0,18.0,19.0,18.0,16.0,14.0,16.0,12.0,16.0
im_123.9deg_frame_1,20.0,19.0,19.0,19.0,21.0,22.0,22.0,24.0,27.0,27.0,26.0,24.0,23.0,23.0,24.0,28.0,40.0,54.0,80.0,105.0,143.0,171.0,202.0,212.0,223.0,209.0,205.0,184.0,160.0,130.0,110.0,85.0,73.0,56.0,47.0,34.0,33.0,30.0,30.0,27.0,25.0,23.0,22.0,20.0,20.0,17.0,16.0,14.0,16.0,13.0
im_129.4deg_frame_1,16.0,16.0,16.0,16.0,17.0,20.0,24.0,22.0,22.0,23.0,24.0,22.0,18.0,18.0,21.0,28.0,38.0,55.0,75.0,107.0,143.0,177.0,207.0,232.0,231.0,237.0,226.0,213.0,190.0,164.0,134.0,110.0,85.0,69.0,51.0,42.0,32.0,30.0,27.0,26.0,23.0,24.0,22.0,23.0,21.0,18.0,15.0,16.0,13.0,16.0
im_126.7deg_frame_1,16.0,16.0,16.0,17.0,18.0,20.0,20.0,22.0,22.0,22.0,23.0,20.0,21.0,21.0,24.0,29.0,41.0,56.0,79.0,102.0,143.0,167.0,201.0,221.0,238.0,229.0,230.0,207.0,184.0,148.0,133.0,105.0,82.0,60.0,49.0,35.0,29.0,25.0,24.0,23.0,23.0,21.0,22.0,21.0,20.0,17.0,16.0,14.0,16.0,13.0
im_137.5deg_frame_1,16.0,15.0,16.0,15.0,17.0,21.0,22.0,24.0,24.0,28.0,31.0,28.0,24.0,21.0,20.0,23.0,29.0,44.0,65.0,99.0,133.0,183.0,212.0,240.0,250.0,251.0,237.0,223.0,190.0,161.0,124.0,98.0,73.0,58.0,43.0,34.0,28.0,27.0,26.0,24.0,21.0,19.0,20.0,23.0,22.0,19.0,16.0,14.0,16.0,13.0
im_134.9deg_frame_1,16.0,15.0,16.0,16.0,16.0,17.0,17.0,20.0,24.0,28.0,29.0,32.0,29.0,25.0,23.0,22.0,27.0,40.0,60.0,90.0,121.0,159.0,189.0,227.0,231.0,245.0,229.0,214.0,188.0,164.0,130.0,106.0,81.0,63.0,43.0,35.0,26.0,23.0,22.0,24.0,25.0,25.0,24.0,23.0,20.0,18.0,17.0,14.0,16.0,13.0
im_132.2deg_frame_1,16.0,15.0,16.0,17.0,18.0,18.0,21.0,24.0,28.0,25.0,23.0,18.0,20.0,20.0,26.0,34.0,50.0,71.0,101.0,133.0,168.0,186.0,214.0,217.0,226.0,216.0,207.0,177.0,160.0,131.0,117.0,97.0,80.0,60.0,47.0,34.0,28.0,23.0,22.0,25.0,26.0,24.0,20.0,19.0,17.0,15.0,16.0,13.0,16.0,12.0
im_142.8deg_frame_1,12.0,16.0,13.0,16.0,15.0,17.0,19.0,20.0,22.0,19.0,18.0,20.0,17.0,20.0,26.0,44.0,61.0,84.0,113.0,137.0,152.0,179.0,195.0,207.0,199.0,197.0,187.0,180.0,160.0,148.0,120.0,103.0,82.0,67.0,46.0,31.0,19.0,18.0,16.0,18.0,20.0,19.0,20.0,18.0,17.0,16.0,14.0,16.0,14.0,16.0
im_140.2deg_frame_1,16.0,13.0,16.0,13.0,16.0,19.0,22.0,21.0,24.0,22.0,21.0,18.0,18.0,20.0,27.0,36.0,51.0,74.0,104.0,136.0,178.0,201.0,218.0,231.0,241.0,225.0,217.0,198.0,177.0,142.0,117.0,88.0,68.0,50.0,40.0,28.0,24.0,21.0,20.0,20.0,20.0,18.0,18.0,18.0,18.0,16.0,16.0,13.0,16.0,12.0
im_150.6deg_frame_1,13.0,16.0,12.0,16.0,15.0,17.0,21.0,24.0,24.0,27.0,26.0,24.0,20.0,24.0,26.0,36.0,51.0,68.0,94.0,124.0,158.0,187.0,209.0,240.0,245.0,254.0,235.0,220.0,193.0,163.0,130.0,100.0,72.0,55.0,38.0,30.0,20.0,18.0,17.0,17.0,18.0,20.0,18.0,19.0,16.0,16.0,15.0,16.0,15.0,16.0
im_148.0deg_frame_1,13.0,16.0,13.0,16.0,16.0,18.0,20.0,23.0,23.0,24.0,21.0,21.0,19.0,22.0,26.0,38.0,53.0,74.0,101.0,133.0,156.0,185.0,198.0,219.0,225.0,227.0,210.0,215.0,174.0,162.0,128.0,105.0,76.0,57.0,37.0,28.0,21.0,18.0,17.0,17.0,17.0,17.0,17.0,16.0,15.0,16.0,13.0,16.0,13.0,16.0
im_145.4deg_frame_1,16.0,12.0,16.0,14.0,16.0,17.0,19.0,19.0,20.0,18.0,17.0,18.0,20.0,26.0,36.0,49.0,69.0,89.0,116.0,139.0,163.0,183.0,201.0,202.0,211.0,204.0,199.0,182.0,168.0,141.0,117.0,88.0,71.0,49.0,34.0,23.0,20.0,17.0,18.0,18.0,21.0,19.0,18.0,17.0,16.0,15.0,16.0,14.0,16.0,13.0
im_158.5deg_frame_1,16.0,14.0,16.0,13.0,16.0,15.0,17.0,19.0,21.0,22.0,24.0,21.0,22.0,23.0,26.0,33.0,45.0,67.0,96.0,118.0,155.0,181.0,205.0,218.0,232.0,227.0,221.0,195.0,178.0,146.0,124.0,91.0,69.0,46.0,32.0,21.0,17.0,17.0,17.0,19.0,20.0,20.0,21.0,20.0,17.0,16.0,16.0,14.0,16.0,14.0
im_155.8deg_frame_1,16.0,15.0,16.0,14.0,16.0,16.0,16.0,18.0,18.0,18.0,18.0,17.0,19.0,22.0,28.0,36.0,50.0,71.0,93.0,124.0,149.0,182.0,198.0,216.0,219.0,228.0,215.0,207.0,170.0,151.0,119.0,92.0,67.0,52.0,34.0,24.0,18.0,15.0,16.0,16.0,18.0,18.0,18.0,17.0,17.0,15.0,16.0,14.0,16.0,13.0
im_153.2deg_frame_1,14.0,16.0,12.0,16.0,15.0,17.0,19.0,21.0,23.0,24.0,22.0,20.0,21.0,22.0,29.0,42.0,58.0,87.0,112.0,151.0,175.0,212.0,221.0,243.0,236.0,245.0,222.0,204.0,173.0,147.0,111.0,82.0,56.0,41.0,26.0,20.0,17.0,16.0,18.0,20.0,20.0,21.0,19.0,18.0,16.0,16.0,14.0,16.0,13.0,16.0
im_163.8deg_frame_1,15.0,16.0,15.0,16.0,15.0,16.0,16.0,16.0,17.0,18.0,19.0,18.0,19.0,19.0,22.0,26.0,37.0,52.0,80.0,105.0,139.0,164.0,190.0,212.0,232.0,226.0,228.0,202.0,191.0,155.0,134.0,101.0,79.0,57.0,37.0,26.0,21.0,18.0,18.0,20.0,22.0,22.0,23.0,22.0,21.0,19.0,18.0,16.0,15.0,16.0
im_161.1deg_frame_1,16.0,15.0,16.0,14.0,16.0,15.0,16.0,17.0,17.0,20.0,20.0,21.0,20.0,22.0,26.0,36.0,50.0,71.0,95.0,130.0,150.0,180.0,197.0,222.0,225.0,231.0,219.0,214.0,186.0,168.0,131.0,103.0,75.0,51.0,35.0,24.0,18.0,16.0,17.0,17.0,18.0,19.0,18.0,19.0,18.0,16.0,16.0,15.0,16.0,14.0
im_166.6deg_frame_1,16.0,14.0,16.0,15.0,16.0,15.0,16.0,16.0,17.0,17.0,17.0,17.0,18.0,19.0,24.0,29.0,46.0,69.0,92.0,127.0,145.0,184.0,189.0,216.0,212.0,208.0,196.0,180.0,156.0,126.0,99.0,77.0,56.0,40.0,28.0,22.0,20.0,19.0,22.0,25.0,25.0,24.0,23.0,20.0,19.0,17.0,16.0,13.0,16.0,13.0
im_175.0deg_frame_1,16.0,13.0,16.0,13.0,16.0,13.0,16.0,15.0,16.0,14.0,16.0,14.0,16.0,16.0,19.0,25.0,36.0,54.0,78.0,103.0,137.0,157.0,190.0,205.0,218.0,209.0,206.0,179.0,159.0,116.0,95.0,65.0,49.0,34.0,26.0,21.0,19.0,19.0,20.0,21.0,24.0,21.0,21.0,21.0,19.0,17.0,16.0,16.0,16.0,16.0
im_172.1deg_frame_1,16.0,13.0,16.0,13.0,16.0,13.0,16.0,13.0,16.0,13.0,16.0,14.0,16.0,16.0,19.0,27.0,41.0,59.0,86.0,110.0,147.0,173.0,205.0,216.0,229.0,220.0,214.0,184.0,158.0,118.0,92.0,66.0,46.0,32.0,24.0,20.0,18.0,18.0,20.0,21.0,20.0,21.0,21.0,20.0,19.0,18.0,17.0,15.0,16.0,14.0
im_169.3deg_frame_1,16.0,13.0,16.0,13.0,16.0,14.0,16.0,15.0,17.0,18.0,18.0,17.0,17.0,18.0,21.0,28.0,38.0,56.0,79.0,114.0,141.0,170.0,192.0,213.0,214.0,217.0,198.0,184.0,150.0,119.0,91.0,67.0,44.0,33.0,25.0,23.0,21.0,22.0,22.0,22.0,22.0,23.0,21.0,19.0,18.0,16.0,16.0,14.0,16.0,14.0
im_184.2deg_frame_1,16.0,12.0,16.0,13.0,16.0,13.0,16.0,14.0,16.0,16.0,16.0,18.0,17.0,18.0,22.0,28.0,39.0,56.0,77.0,104.0,127.0,152.0,164.0,182.0,179.0,181.0,162.0,142.0,114.0,93.0,67.0,51.0,36.0,28.0,23.0,23.0,23.0,25.0,28.0,27.0,25.0,25.0,23.0,21.0,21.0,20.0,19.0,19.0,17.0,17.0
im_181.1deg_frame_1,16.0,13.0,16.0,14.0,16.0,13.0,16.0,13.0,16.0,13.0,16.0,15.0,17.0,17.0,21.0,26.0,36.0,48.0,62.0,88.0,111.0,141.0,155.0,181.0,180.0,185.0,178.0,157.0,125.0,101.0,74.0,57.0,41.0,31.0,24.0,20.0,19.0,18.0,19.0,18.0,19.0,19.0,19.0,20.0,20.0,18.0,19.0,18.0,16.0,16.0
im_178.0deg_frame_1,14.0,16.0,13.0,16.0,13.0,16.0,13.0,16.0,14.0,16.0,15.0,16.0,14.0,16.0,18.0,21.0,29.0,41.0,60.0,87.0,114.0,140.0,164.0,191.0,198.0,208.0,195.0,184.0,153.0,127.0,100.0,76.0,52.0,37.0,26.0,23.0,20.0,22.0,24.0,24.0,25.0,24.0,23.0,23.0,21.0,20.0,17.0,17.0,17.0,16.0
im_191.0deg_frame_1,13.0,16.0,13.0,16.0,13.0,16.0,13.0,16.0,14.0,16.0,16.0,16.0,18.0,21.0,25.0,32.0,41.0,51.0,68.0,85.0,106.0,122.0,139.0,149.0,156.0,144.0,140.0,120.0,103.0,85.0,67.0,50.0,38.0,31.0,26.0,25.0,26.0,26.0,28.0,27.0,27.0,26.0,24.0,24.0,24.0,21.0,20.0,19.0,18.0,19.0
im_187.5deg_frame_1,16.0,13.0,16.0,13.0,16.0,13.0,16.0,14.0,16.0,15.0,16.0,15.0,17.0,19.0,24.0,32.0,42.0,59.0,77.0,100.0,126.0,140.0,168.0,173.0,176.0,167.0,164.0,137.0,115.0,89.0,70.0,48.0,33.0,25.0,21.0,20.0,22.0,23.0,24.0,24.0,25.0,25.0,26.0,22.0,22.0,22.0,21.0,21.0,19.0,18.0
im_202.9deg_frame_1,13.0,16.0,13.0,16.0,13.0,16.0,13.0,16.0,14.0,16.0,15.0,16.0,15.0,17.0,16.0,19.0,25.0,29.0,40.0,52.0,67.0,80.0,88.0,98.0,98.0,101.0,94.0,92.0,78.0,67.0,50.0,41.0,37.0,31.0,27.0,25.0,27.0,28.0,27.0,25.0,25.0,24.0,24.0,23.0,24.0,26.0,25.0,26.0,22.0,21.0
im_198.6deg_frame_1,16.0,12.0,16.0,12.0,16.0,13.0,16.0,13.0,16.0,15.0,16.0,17.0,17.0,18.0,21.0,22.0,28.0,36.0,47.0,60.0,77.0,90.0,108.0,107.0,120.0,118.0,116.0,102.0,90.0,70.0,56.0,43.0,35.0,28.0,28.0,25.0,24.0,24.0,27.0,23.0,24.0,23.0,23.0,22.0,23.0,24.0,24.0,23.0,23.0,22.0
im_194.7deg_frame_1,16.0,13.0,16.0,13.0,16.0,12.0,16.0,14.0,16.0,14.0,16.0,16.0,19.0,20.0,22.0,27.0,35.0,43.0,53.0,64.0,81.0,95.0,113.0,120.0,134.0,126.0,128.0,114.0,104.0,87.0,72.0,54.0,44.0,34.0,31.0,28.0,29.0,28.0,27.0,25.0,23.0,22.0,21.0,22.0,22.0,21.0,23.0,23.0,22.0,20.0
im_213.4deg_frame_1,12.0,16.0,12.0,16.0,12.0,16.0,12.0,16.0,12.0,16.0,14.0,16.0,15.0,18.0,21.0,25.0,27.0,33.0,37.0,44.0,50.0,57.0,61.0,69.0,73.0,75.0,73.0,70.0,56.0,53.0,41.0,34.0,27.0,25.0,23.0,23.0,22.0,25.0,24.0,24.0,23.0,21.0,19.0,18.0,17.0,18.0,19.0,20.0,20.0,22.0
im_207.7deg_frame_1,12.0,16.0,12.0,16.0,12.0,16.0,12.0,16.0,13.0,16.0,14.0,16.0,17.0,18.0,17.0,20.0,21.0,26.0,35.0,41.0,52.0,62.0,76.0,81.0,94.0,88.0,85.0,79.0,70.0,58.0,51.0,41.0,37.0,27.0,23.0,21.0,20.0,21.0,20.0,20.0,21.0,23.0,23.0,23.0,23.0,22.0,23.0,24.0,23.0,23.0
im_238.0deg_frame_1,16.0,12.0,16.0,13.0,16.0,12.0,16.0,14.0,16.0,13.0,16.0,14.0,16.0,17.0,18.0,20.0,23.0,26.0,31.0,39.0,45.0,53.0,60.0,61.0,70.0,69.0,68.0,58.0,51.0,46.0,37.0,30.0,26.0,21.0,19.0,20.0,20.0,20.0,22.0,21.0,21.0,20.0,17.0,17.0,17.0,17.0,17.0,16.0,17.0,18.0
im_220.7deg_frame_1,16.0,13.0,16.0,12.0,16.0,13.0,16.0,13.0,16.0,14.0,16.0,16.0,17.0,18.0,19.0,21.0,23.0,25.0,29.0,36.0,46.0,55.0,64.0,75.0,77.0,79.0,77.0,75.0,66.0,57.0,47.0,37.0,30.0,24.0,22.0,21.0,21.0,20.0,23.0,22.0,22.0,21.0,20.0,20.0,20.0,19.0,20.0,19.0,19.0,20.0
im_82.6deg_frame_1,21.0,21.0,23.0,24.0,22.0,25.0,25.0,24.0,26.0,25.0,25.0,26.0,29.0,30.0,36.0,37.0,48.0,56.0,61.0,72.0,81.0,85.0,94.0,94.0,93.0,89.0,93.0,83.0,75.0,65.0,60.0,49.0,42.0,35.0,30.0,26.0,24.0,18.0,18.0,16.0,16.0,13.0,16.0,14.0,16.0,14.0,16.0,14.0,16.0,13.0
im_75.3deg_frame_1,18.0,21.0,21.0,23.0,23.0,24.0,23.0,23.0,21.0,19.0,20.0,24.0,23.0,27.0,30.0,36.0,40.0,48.0,53.0,63.0,69.0,79.0,79.0,82.0,84.0,89.0,83.0,80.0,70.0,66.0,55.0,53.0,41.0,35.0,32.0,26.0,22.0,19.0,16.0,16.0,16.0,17.0,16.0,17.0,18.0,17.0,17.0,17.0,16.0,16.0
im_58.0deg_frame_1,19.0,22.0,22.0,23.0,22.0,22.0,23.0,23.0,23.0,21.0,20.0,21.0,21.0,23.0,25.0,30.0,36.0,43.0,48.0,55.0,61.0,70.0,76.0,81.0,81.0,83.0,80.0,81.0,77.0,76.0,69.0,68.0,59.0,51.0,44.0,35.0,30.0,27.0,24.0,20.0,16.0,16.0,16.0,16.0,16.0,15.0,16.0,14.0,16.0,14.0
im_93.1deg_frame_1,21.0,22.0,21.0,24.0,24.0,26.0,26.0,26.0,25.0,25.0,23.0,21.0,18.0,20.0,21.0,27.0,33.0,46.0,56.0,69.0,75.0,86.0,94.0,96.0,96.0,99.0,90.0,90.0,78.0,72.0,61.0,54.0,44.0,39.0,29.0,27.0,21.0,19.0,16.0,16.0,15.0,16.0,14.0,16.0,14.0,16.0,15.0,16.0,14.0,16.0
im_88.3deg_frame_1,16.0,16.0,16.0,17.0,17.0,18.0,17.0,18.0,18.0,19.0,17.0,17.0,17.0,19.0,22.0,26.0,32.0,40.0,51.0,57.0,70.0,75.0,85.0,90.0,96.0,91.0,93.0,90.0,83.0,76.0,69.0,56.0,49.0,38.0,33.0,27.0,22.0,19.0,16.0,14.0,16.0,14.0,16.0,14.0,16.0,16.0,16.0,15.0,16.0,15.0
im_97.4deg_frame_1,25.0,25.0,25.0,24.0,26.0,25.0,27.0,29.0,31.0,29.0,30.0,25.0,25.0,24.0,28.0,32.0,40.0,50.0,61.0,71.0,83.0,91.0,107.0,104.0,111.0,106.0,102.0,93.0,86.0,73.0,65.0,54.0,46.0,38.0,31.0,25.0,23.0,20.0,20.0,16.0,16.0,15.0,16.0,14.0,16.0,14.0,16.0,15.0,16.0,15.0
