im_105.0deg_frame_1,16.0,16.0,16.0,16.0,16.0,16.0,16.0,16.0,17.0,18.0,17.0,19.0,20.0,26.0,30.0,30.0,33.0,34.0,38.0,42.0,54.0,69.0,93.0,108.0,128.0,129.0,126.0,108.0,96.0,70.0,56.0,42.0,33.0,24.0,20.0,17.0,16.0,16.0,16.0,16.0,16.0,16.0,16.0,16.0,16.0,16.0,16.0,16.0,16.0,16.0
im_101.3deg_frame_1,16.0,16.0,16.0,16.0,16.0,16.0,16.0,16.0,16.0,16.0,18.0,19.0,23.0,26.0,31.0,34.0,39.0,41.0,45.0,48.0,61.0,68.0,85.0,99.0,114.0,116.0,117.0,105.0,90.0,72.0,60.0,43.0,37.0,24.0,19.0,16.0,16.0,16.0,16.0,16.0,16.0,16.0,16.0,16.0,16.0,16.0,16.0,16.0,16.0,16.0
im_108.5deg_frame_1,12.0,12.0,12.0,12.0,13.0,15.0,15.0,15.0,16.0,16.0,16.0,17.0,17.0,21.0,25.0,27.0,30.0,31.0,32.0,41.0,51.0,74.0,96.0,122.0,139.0,148.0,138.0,128.0,101.0,80.0,59.0,44.0,36.0,28.0,22.0,18.0,16.0,15.0,13.0,13.0,13.0,13.0,12.0,12.0,12.0,12.0,12.0,12.0,11.0,12.0
im_114.9deg_frame_1,16.0,16.0,16.0,16.0,16.0,16.0,16.0,16.0,16.0,16.0,16.0,16.0,16.0,20.0,26.0,28.0,27.0,30.0,38.0,52.0,70.0,90.0,116.0,151.0,165.0,170.0,161.0,152.0,116.0,92.0,67.0,50.0,38.0,30.0,22.0,18.0,16.0,16.0,16.0,16.0,16.0,16.0,16.0,16.0,16.0,16.0,16.0,16.0,16.0,16.0
im_111.8deg_frame_1,16.0,16.0,16.0,16.0,16.0,16.0,16.0,16.0,16.0,16.0,16.0,17.0,17.0,20.0,24.0,27.0,28.0,30.0,35.0,46.0,62.0,83.0,110.0,140.0,150.0,149.0,134.0,112.0,91.0,69.0,51.0,42.0,30.0,25.0,20.0,16.0,16.0,16.0,16.0,16.0,16.0,16.0,16.0,16.0,16.0,16.0,16.0,16.0,16.0,16.0
im_121.0deg_frame_1,12.0,11.0,12.0,12.0,12.0,12.0,12.0,12.0,14.0,15.0,16.0,14.0,14.0,15.0,17.0,21.0,26.0,30.0,37.0,46.0,68.0,98.0,137.0,171.0,202.0,204.0,206.0,186.0,163.0,120.0,85.0,52.0,36.0,27.0,21.0,17.0,16.0,15.0,14.0,13.0,13.0,12.0,12.0,11.0,12.0,12.0,12.0,12.0,11.0,12.0
im_118.0deg_frame_1,16.0,16.0,16.0,16.0,16.0,16.0,16.0,16.0,16.0,16.0,17.0,16.0,16.0,17.0,17.0,22.0,27.0,32.0,42.0,54.0,72.0,101.0,127.0,163.0,182.0,193.0,179.0,176.0,152.0,120.0,78.0,49.0,32.0,24.0,18.0,16.0,16.0,16.0,16.0,16.0,16.0,16.0,16.0,16.0,16.0,16.0,16.0,16.0,16.0,16.0
im_123.9deg_frame_1,16.0,16.0,16.0,16.0,16.0,16.0,16.0,16.0,16.0,16.0,16.0,16.0,16.0,16.0,16.0,22.0,29.0,29.0,25.0,33.0,48.0,84.0,126.0,171.0,206.0,223.0,210.0,178.0,134.0,102.0,68.0,46.0,34.0,26.0,22.0,21.0,18.0,16.0,16.0,16.0,16.0,16.0,16.0,16.0,16.0,16.0,16.0,16.0,16.0,16.0
im_129.4deg_frame_1,16.0,16.0,16.0,16.0,16.0,16.0,16.0,16.0,16.0,16.0,16.0,16.0,16.0,16.0,16.0,16.0,20.0,25.0,25.0,34.0,57.0,93.0,137.0,185.0,216.0,237.0,235.0,231.0,192.0,151.0,107.0,74.0,49.0,32.0,23.0,19.0,18.0,16.0,16.0,16.0,16.0,16.0,16.0,16.0,16.0,16.0,16.0,16.0,16.0,16.0
im_126.7deg_frame_1,11.0,11.0,12.0,11.0,11.0,11.0,12.0,11.0,12.0,12.0,13.0,13.0,13.0,13.0,13.0,18.0,22.0,23.0,27.0,33.0,56.0,92.0,140.0,175.0,222.0,229.0,232.0,213.0,180.0,133.0,93.0,67.0,48.0,35.0,26.0,21.0,20.0,16.0,16.0,13.0,13.0,13.0,12.0,12.0,12.0,12.0,12.0,11.0,12.0,11.0
im_137.5deg_frame_1,12.0,12.0,12.0,11.0,11.0,12.0,12.0,12.0,12.0,13.0,13.0,12.0,12.0,12.0,12.0,14.0,14.0,18.0,24.0,40.0,71.0,120.0,164.0,217.0,239.0,251.0,226.0,191.0,142.0,102.0,67.0,43.0,30.0,22.0,19.0,19.0,20.0,20.0,15.0,14.0,13.0,14.0,15.0,17.0,14.0,12.0,13.0,12.0,13.0,13.0
im_134.9deg_frame_1,11.0,12.0,12.0,12.0,12.0,11.0,12.0,12.0,12.0,12.0,12.0,13.0,12.0,13.0,13.0,14.0,14.0,19.0,28.0,54.0,85.0,128.0,169.0,215.0,231.0,245.0,220.0,197.0,152.0,113.0,74.0,51.0,33.0,23.0,19.0,17.0,15.0,15.0,15.0,14.0,14.0,13.0,12.0,12.0,12.0,12.0,12.0,12.0,12.0,12.0
im_132.2deg_frame_1,16.0,16.0,16.0,16.0,16.0,16.0,16.0,16.0,16.0,16.0,16.0,16.0,16.0,16.0,16.0,16.0,16.0,16.0,20.0,36.0,67.0,110.0,162.0,202.0,221.0,226.0,205.0,185.0,161.0,143.0,119.0,89.0,56.0,33.0,23.0,22.0,19.0,17.0,16.0,16.0,16.0,16.0,16.0,16.0,16.0,16.0,16.0,16.0,16.0,16.0
im_142.8deg_frame_1,12.0,12.0,12.0,12.0,12.0,12.0,12.0,12.0,12.0,12.0,13.0,12.0,13.0,13.0,12.0,12.0,13.0,15.0,18.0,24.0,48.0,82.0,129.0,166.0,196.0,199.0,198.0,185.0,161.0,118.0,94.0,66.0,52.0,36.0,27.0,21.0,17.0,15.0,15.0,15.0,14.0,14.0,13.0,12.0,13.0,13.0,13.0,12.0,12.0,12.0
im_140.2deg_frame_1,16.0,16.0,16.0,16.0,16.0,16.0,16.0,16.0,16.0,16.0,16.0,16.0,16.0,16.0,16.0,16.0,16.0,16.0,16.0,23.0,47.0,98.0,151.0,207.0,225.0,241.0,216.0,203.0,158.0,124.0,87.0,68.0,53.0,47.0,34.0,26.0,18.0,17.0,19.0,20.0,17.0,16.0,16.0,16.0,16.0,16.0,16.0,16.0,16.0,16.0
im_150.6deg_frame_1,16.0,16.0,16.0,16.0,16.0,16.0,16.0,16.0,16.0,16.0,16.0,16.0,16.0,16.0,16.0,16.0,16.0,16.0,17.0,27.0,49.0,89.0,142.0,202.0,230.0,254.0,232.0,211.0,175.0,135.0,97.0,70.0,50.0,38.0,29.0,24.0,20.0,17.0,16.0,16.0,16.0,16.0,16.0,16.0,16.0,16.0,16.0,16.0,16.0,16.0
im_148.0deg_frame_1,16.0,16.0,16.0,16.0,16.0,16.0,16.0,16.0,16.0,16.0,16.0,16.0,16.0,16.0,16.0,16.0,16.0,16.0,18.0,29.0,54.0,95.0,138.0,197.0,216.0,227.0,215.0,197.0,167.0,142.0,104.0,77.0,49.0,39.0,30.0,25.0,18.0,18.0,16.0,16.0,16.0,16.0,16.0,16.0,16.0,16.0,16.0,16.0,16.0,16.0
im_145.4deg_frame_1,16.0,16.0,16.0,16.0,16.0,16.0,16.0,16.0,16.0,16.0,16.0,16.0,16.0,16.0,16.0,16.0,16.0,16.0,16.0,22.0,45.0,85.0,128.0,168.0,194.0,211.0,212.0,212.0,178.0,148.0,111.0,85.0,59.0,40.0,27.0,22.0,19.0,17.0,16.0,16.0,16.0,16.0,16.0,16.0,16.0,16.0,16.0,16.0,16.0,16.0
im_158.5deg_frame_1,16.0,16.0,16.0,16.0,16.0,16.0,16.0,16.0,16.0,16.0,16.0,16.0,16.0,16.0,16.0,16.0,16.0,16.0,20.0,36.0,65.0,111.0,157.0,206.0,218.0,232.0,209.0,192.0,150.0,109.0,72.0,48.0,33.0,26.0,21.0,18.0,16.0,16.0,16.0,16.0,16.0,16.0,16.0,16.0,16.0,16.0,16.0,16.0,16.0,16.0
im_155.8deg_frame_1,16.0,16.0,16.0,16.0,16.0,16.0,16.0,16.0,16.0,16.0,16.0,16.0,16.0,16.0,16.0,16.0,16.0,16.0,16.0,19.0,34.0,65.0,117.0,173.0,212.0,219.0,222.0,205.0,187.0,146.0,108.0,78.0,58.0,44.0,35.0,27.0,20.0,17.0,16.0,16.0,16.0,16.0,16.0,16.0,16.0,16.0,16.0,16.0,16.0,16.0
im_153.2deg_frame_1,11.0,12.0,12.0,12.0,11.0,12.0,12.0,12.0,12.0,12.0,12.0,12.0,12.0,12.0,12.0,12.0,13.0,14.0,17.0,27.0,52.0,90.0,155.0,206.0,241.0,236.0,232.0,200.0,177.0,133.0,98.0,70.0,51.0,35.0,28.0,23.0,17.0,15.0,14.0,13.0,12.0,12.0,12.0,13.0,12.0,12.0,12.0,12.0,11.0,12.0
im_163.8deg_frame_1,16.0,16.0,16.0,16.0,16.0,16.0,16.0,16.0,16.0,16.0,16.0,16.0,16.0,16.0,16.0,16.0,16.0,16.0,18.0,27.0,46.0,78.0,128.0,177.0,215.0,226.0,232.0,203.0,181.0,132.0,92.0,58.0,40.0,30.0,23.0,19.0,18.0,16.0,16.0,16.0,16.0,16.0,16.0,16.0,16.0,16.0,16.0,16.0,16.0,16.0
im_161.1deg_frame_1,12.0,12.0,11.0,12.0,12.0,12.0,12.0,12.0,11.0,13.0,12.0,13.0,12.0,13.0,12.0,12.0,13.0,15.0,17.0,24.0,43.0,78.0,126.0,177.0,213.0,231.0,224.0,209.0,178.0,134.0,96.0,64.0,39.0,27.0,20.0,18.0,17.0,15.0,13.0,13.0,12.0,12.0,12.0,13.0,12.0,12.0,11.0,11.0,12.0,12.0
im_166.6deg_frame_1,16.0,16.0,16.0,16.0,16.0,16.0,16.0,16.0,16.0,16.0,16.0,16.0,16.0,16.0,16.0,16.0,16.0,16.0,17.0,24.0,41.0,74.0,126.0,167.0,204.0,212.0,214.0,182.0,152.0,109.0,74.0,47.0,33.0,25.0,22.0,18.0,17.0,16.0,16.0,16.0,16.0,16.0,16.0,16.0,16.0,16.0,16.0,16.0,16.0,16.0
im_175.0deg_frame_1,16.0,16.0,16.0,16.0,16.0,16.0,16.0,16.0,16.0,16.0,16.0,16.0,16.0,16.0,16.0,16.0,16.0,17.0,20.0,26.0,43.0,79.0,118.0,172.0,198.0,218.0,203.0,177.0,134.0,103.0,70.0,53.0,33.0,24.0,17.0,16.0,16.0,16.0,16.0,16.0,16.0,16.0,16.0,16.0,16.0,16.0,16.0,16.0,16.0,16.0
im_172.1deg_frame_1,16.0,16.0,16.0,16.0,16.0,16.0,16.0,16.0,16.0,16.0,16.0,16.0,16.0,16.0,16.0,16.0,16.0,17.0,17.0,21.0,37.0,65.0,110.0,168.0,204.0,229.0,225.0,213.0,171.0,125.0,82.0,57.0,39.0,29.0,21.0,18.0,16.0,16.0,16.0,16.0,16.0,16.0,16.0,16.0,16.0,16.0,16.0,16.0,16.0,16.0
im_169.3deg_frame_1,16.0,16.0,16.0,16.0,16.0,16.0,16.0,16.0,16.0,16.0,16.0,16.0,16.0,16.0,16.0,16.0,16.0,16.0,17.0,23.0,41.0,78.0,125.0,175.0,210.0,214.0,211.0,177.0,138.0,97.0,67.0,46.0,34.0,25.0,21.0,17.0,16.0,16.0,16.0,16.0,16.0,16.0,16.0,16.0,16.0,16.0,16.0,16.0,16.0,16.0
im_184.2deg_frame_1,16.0,16.0,16.0,16.0,16.0,16.0,16.0,16.0,16.0,16.0,16.0,16.0,16.0,16.0,20.0,21.0,25.0,28.0,33.0,45.0,66.0,93.0,124.0,148.0,167.0,179.0,183.0,161.0,131.0,87.0,60.0,42.0,30.0,20.0,16.0,16.0,16.0,16.0,16.0,16.0,16.0,16.0,16.0,16.0,16.0,16.0,16.0,16.0,16.0,16.0
im_181.1deg_frame_1,16.0,16.0,16.0,16.0,16.0,16.0,16.0,16.0,16.0,16.0,16.0,16.0,16.0,16.0,16.0,16.0,18.0,20.0,25.0,34.0,57.0,85.0,116.0,144.0,174.0,180.0,188.0,167.0,139.0,106.0,79.0,48.0,29.0,19.0,16.0,16.0,16.0,16.0,16.0,16.0,16.0,16.0,16.0,16.0,16.0,16.0,16.0,16.0,16.0,16.0
im_178.0deg_frame_1,16.0,16.0,16.0,16.0,16.0,16.0,16.0,16.0,16.0,16.0,16.0,16.0,16.0,16.0,16.0,16.0,18.0,20.0,26.0,39.0,65.0,113.0,141.0,182.0,196.0,208.0,187.0,162.0,131.0,101.0,68.0,46.0,28.0,19.0,16.0,16.0,16.0,16.0,16.0,16.0,16.0,16.0,16.0,16.0,16.0,16.0,16.0,16.0,16.0,16.0
im_191.0deg_frame_1,12.0,12.0,12.0,12.0,13.0,13.0,13.0,14.0,16.0,16.0,15.0,16.0,18.0,19.0,22.0,24.0,26.0,30.0,31.0,40.0,55.0,81.0,110.0,138.0,152.0,156.0,140.0,135.0,116.0,92.0,66.0,49.0,36.0,22.0,17.0,14.0,12.0,12.0,12.0,12.0,12.0,12.0,11.0,12.0,11.0,12.0,12.0,12.0,12.0,12.0
im_187.5deg_frame_1,16.0,16.0,16.0,16.0,16.0,16.0,16.0,16.0,16.0,16.0,16.0,17.0,16.0,17.0,20.0,22.0,23.0,28.0,32.0,46.0,63.0,86.0,110.0,149.0,161.0,176.0,172.0,157.0,125.0,96.0,67.0,45.0,33.0,21.0,16.0,16.0,16.0,16.0,16.0,16.0,16.0,16.0,16.0,16.0,16.0,16.0,16.0,16.0,16.0,16.0
im_202.9deg_frame_1,16.0,16.0,16.0,16.0,16.0,16.0,18.0,18.0,17.0,16.0,16.0,19.0,23.0,28.0,29.0,35.0,38.0,48.0,54.0,65.0,71.0,76.0,78.0,88.0,91.0,101.0,96.0,84.0,62.0,45.0,32.0,23.0,16.0,16.0,16.0,16.0,16.0,16.0,16.0,16.0,16.0,16.0,16.0,16.0,16.0,16.0,16.0,16.0,16.0,16.0
im_198.6deg_frame_1,16.0,16.0,16.0,16.0,16.0,16.0,16.0,16.0,16.0,16.0,16.0,17.0,21.0,24.0,27.0,30.0,34.0,40.0,44.0,52.0,61.0,75.0,88.0,106.0,114.0,120.0,111.0,96.0,86.0,68.0,49.0,33.0,20.0,16.0,16.0,16.0,16.0,16.0,16.0,16.0,16.0,16.0,16.0,16.0,16.0,16.0,16.0,16.0,16.0,16.0
im_194.7deg_frame_1,12.0,13.0,13.0,13.0,14.0,14.0,14.0,15.0,15.0,16.0,14.0,15.0,17.0,18.0,22.0,25.0,27.0,29.0,34.0,39.0,54.0,70.0,94.0,105.0,125.0,126.0,129.0,118.0,105.0,81.0,62.0,45.0,37.0,27.0,20.0,16.0,14.0,12.0,12.0,11.0,13.0,13.0,13.0,12.0,12.0,12.0,12.0,11.0,12.0,12.0
im_213.4deg_frame_1,16.0,16.0,16.0,16.0,16.0,16.0,16.0,16.0,16.0,17.0,18.0,20.0,22.0,24.0,24.0,28.0,29.0,32.0,32.0,40.0,42.0,51.0,58.0,67.0,70.0,75.0,71.0,72.0,59.0,54.0,42.0,36.0,26.0,19.0,17.0,16.0,16.0,16.0,16.0,16.0,16.0,16.0,16.0,16.0,16.0,16.0,16.0,16.0,16.0,16.0
im_207.7deg_frame_1,16.0,16.0,16.0,16.0,16.0,16.0,16.0,16.0,16.0,17.0,19.0,20.0,21.0,23.0,25.0,27.0,32.0,33.0,34.0,42.0,54.0,63.0,72.0,76.0,86.0,88.0,97.0,93.0,90.0,76.0,56.0,39.0,28.0,17.0,16.0,16.0,16.0,16.0,16.0,16.0,16.0,16.0,16.0,16.0,16.0,16.0,16.0,16.0,16.0,16.0
im_238.0deg_frame_1,16.0,16.0,16.0,16.0,16.0,16.0,16.0,16.0,18.0,19.0,20.0,21.0,20.0,21.0,23.0,27.0,30.0,33.0,31.0,35.0,40.0,45.0,51.0,58.0,63.0,70.0,68.0,64.0,58.0,52.0,48.0,42.0,33.0,24.0,19.0,16.0,16.0,16.0,16.0,16.0,16.0,16.0,16.0,16.0,16.0,16.0,16.0,16.0,16.0,16.0
im_220.7deg_frame_1,12.0,13.0,13.0,14.0,14.0,14.0,15.0,14.0,17.0,17.0,17.0,17.0,20.0,22.0,24.0,25.0,29.0,29.0,34.0,37.0,44.0,48.0,62.0,69.0,75.0,79.0,76.0,74.0,70.0,61.0,53.0,44.0,35.0,26.0,19.0,15.0,14.0,13.0,12.0,12.0,12.0,12.0,12.0,11.0,11.0,11.0,12.0,12.0,12.0,11.0
im_82.6deg_frame_1,16.0,16.0,16.0,16.0,16.0,16.0,16.0,16.0,17.0,19.0,21.0,25.0,26.0,28.0,28.0,31.0,32.0,34.0,36.0,37.0,35.0,43.0,55.0,74.0,87.0,93.0,91.0,79.0,72.0,58.0,45.0,34.0,27.0,20.0,16.0,16.0,16.0,16.0,16.0,16.0,16.0,16.0,16.0,16.0,16.0,16.0,16.0,16.0,16.0,16.0
im_75.3deg_frame_1,12.0,11.0,12.0,12.0,12.0,12.0,12.0,12.0,13.0,14.0,16.0,17.0,17.0,19.0,19.0,19.0,22.0,24.0,26.0,26.0,29.0,38.0,51.0,67.0,79.0,84.0,82.0,72.0,63.0,53.0,40.0,26.0,20.0,14.0,12.0,12.0,13.0,13.0,13.0,12.0,11.0,12.0,12.0,12.0,11.0,12.0,12.0,12.0,12.0,12.0
im_58.0deg_frame_1,16.0,16.0,16.0,16.0,16.0,16.0,16.0,16.0,17.0,17.0,18.0,23.0,23.0,22.0,26.0,26.0,25.0,24.0,29.0,35.0,40.0,44.0,55.0,64.0,77.0,80.0,80.0,71.0,58.0,43.0,31.0,22.0,20.0,16.0,16.0,16.0,16.0,16.0,16.0,16.0,16.0,16.0,16.0,16.0,16.0,16.0,16.0,16.0,16.0,16.0
im_93.1deg_frame_1,12.0,12.0,12.0,12.0,13.0,13.0,13.0,16.0,17.0,19.0,22.0,26.0,29.0,31.0,32.0,31.0,34.0,33.0,37.0,39.0,43.0,49.0,64.0,78.0,93.0,96.0,96.0,89.0,76.0,59.0,46.0,31.0,22.0,17.0,15.0,12.0,12.0,12.0,12.0,11.0,12.0,12.0,12.0,12.0,12.0,11.0,12.0,12.0,11.0,12.0
im_88.3deg_frame_1,12.0,12.0,13.0,13.0,13.0,13.0,15.0,16.0,19.0,21.0,24.0,27.0,30.0,30.0,33.0,32.0,35.0,36.0,39.0,41.0,48.0,54.0,70.0,84.0,92.0,91.0,89.0,76.0,62.0,47.0,36.0,26.0,21.0,16.0,13.0,12.0,12.0,12.0,12.0,12.0,12.0,12.0,12.0,12.0,11.0,11.0,12.0,11.0,12.0,12.0
im_97.4deg_frame_1,16.0,16.0,16.0,16.0,16.0,16.0,16.0,16.0,16.0,16.0,17.0,20.0,22.0,25.0,29.0,31.0,32.0,33.0,35.0,36.0,41.0,52.0,65.0,88.0,100.0,111.0,101.0,94.0,75.0,65.0,48.0,39.0,29.0,24.0,18.0,16.0,16.0,16.0,16.0,16.0,16.0,16.0,16.0,16.0,16.0,16.0,16.0,16.0,16.0,16.0
