filename,cx_global,cy_global,cx_local,cy_local,cx_corrected,cy_corrected,cx_corrected_err,cy_corrected_err,h_amp,h_mean,h_sigma,h_offset,h_area,h_amp_err,h_mean_err,h_sigma_err,h_offset_err,v_amp,v_mean,v_sigma,v_offset,v_area,v_amp_err,v_mean_err,v_sigma_err,v_offset_err,roi_sum
im_220.7deg_frame_1.bmp,1905,906,25,25,1905.0658427802077,906.2698937151613,0.08189843864755311,0.11761748048748871,62.86445903260462,25.065842780207834,3.9511281240036937,17.60779604941372,622.6101977310253,1.1730283134318633,0.08189843864755311,0.09125589176388384,0.45286194599405744,63.73395382026993,25.269893715161295,4.5801987084732,13.645594575108992,731.7203197408769,1.490268908542817,0.11761748048748871,0.13495604492080968,0.6511269581851444,45261.0
im_58.0deg_frame_1.bmp,569,999,25,25,569.579515692206,998.8938763071523,0.11864862382697355,0.10636738032771892,67.16436910186356,25.579515692205966,5.946898593414398,17.776744733072203,1001.1966937611243,1.2666509146421143,0.11864862382697355,0.1487275562259914,0.7170595586092562,62.14823050429424,24.893876307152222,3.176634079584333,17.502719285051455,494.86403598823637,1.852541315154997,0.10636738032771892,0.11505695279558684,0.6068096259535365,47399.0
im_75.3deg_frame_1.bmp,592,998,25,25,591.1342370379402,998.3472631765123,0.09405824611843441,0.08495369182281345,68.43945880879609,24.134237037940277,5.3880635712049045,18.3733735916223,924.3346041677876,1.109153264140956,0.09405824611843441,0.1131474458789843,0.5649768506576484,69.50382194054593,25.347263176512374,3.223363278258314,13.528497179857519,561.5751409359912,1.6317062873666979,0.08495369182281345,0.09204321823221193,0.5400970581603758,46082.0
im_82.6deg_frame_1.bmp,621,996,25,25,619.6228199237655,996.3307431357207,0.1117686128537352,0.13870625898181374,76.61257230169534,23.622819923765526,5.470125166133853,18.47055477461307,1050.4786791915274,1.4567021149517312,0.1117686128537352,0.13519970271123413,0.7535748213381857,71.56704145146803,25.330743135720645,3.308405915879599,18.74997092678848,593.5014535982158,2.6756445402345888,0.13870625898181374,0.15073405788537045,0.902488485649094,49693.0
im_88.3deg_frame_1.bmp,651,996,25,25,650.9430852139564,995.3530475734059,0.055416453717341774,0.18477337302465677,80.61925591170903,24.943085213956312,5.16467746979343,15.446209046304585,1043.6909675749152,0.7982531314130534,0.055416453717341774,0.0657121821892419,0.3898188940917214,73.32918020098724,24.353047573405938,3.745575929479147,15.750588937403105,688.4705527147487,3.2458779989754363,0.18477337302465677,0.2041463957150548,1.2016062625745838,50472.0
im_93.1deg_frame_1.bmp,682,994,25,25,681.321307905318,994.0914598758606,0.11666155925841597,0.17066770767992112,81.33337120900131,24.32130790531802,4.908736094796503,18.54487812006043,1000.7564366538716,1.7726671912311496,0.11666155925841597,0.1362517953774012,0.8246993334212822,79.1779843531412,25.091459875860533,3.564295670215072,15.931900850225153,707.40495723412,3.3927126277747846,0.17066770767992112,0.1872288218389228,1.209267886739343,51852.0
im_97.4deg_frame_1.bmp,713,992,25,25,712.132916130895,992.2224241625936,0.11614619200747034,0.10248903257242867,89.00867990375532,24.132916130894937,4.804691408886667,20.540349481702343,1071.9827420136758,1.9685353617382737,0.11614619200747034,0.13486395208141352,0.8978804949551928,86.20583144915639,25.222424162593583,3.3543043948426656,18.1036373101346,724.8181340919937,2.350286210575101,0.10248903257242867,0.11156003857439147,0.8007526998177983,52942.0
im_101.3deg_frame_1.bmp,743,991,25,25,743.5039326783314,990.8959425766096,0.11718154654681456,0.10689167885403812,101.25664058179574,25.50393267833134,4.738544469562706,20.54594432203799,1202.7030420354606,2.287680435814692,0.11718154654681456,0.13557656696270318,1.0303285779715226,96.39252446500606,24.89594257660965,3.9952600110471534,17.373287369124323,965.3356319400536,2.3232724279300148,0.10689167885403812,0.11932978917669405,0.9049476716788992,54985.0
im_105.0deg_frame_1.bmp,775,989,25,25,774.3650434159753,988.9768327586733,0.13336820231623026,0.07247488738501709,107.825720549991,24.36504341597525,4.539658372744554,23.100514357921554,1226.9743247054023,2.882070293140983,0.13336820231623026,0.15271344643312634,1.2494279054842323,109.89683553521085,24.976832758673257,3.4720133797462953,17.851253706117976,956.4373146563582,2.05021508547641,0.07247488738501709,0.07923107158055244,0.7165302210184882,55305.0
im_108.5deg_frame_1.bmp,805,987,25,25,805.1153460692277,987.1201397109337,0.1291914679779178,0.061185877435942476,119.59272431453307,25.11534606922771,4.6679202606319095,24.433533222065734,1399.323481808549,3.0193512280609776,0.1291914679779178,0.14891198155788318,1.341618112203475,128.37970156625317,25.120139710933675,3.404023602440421,15.231691170261092,1095.4154414669904,2.0604288114163607,0.061185877435942476,0.06672184162933541,0.7096259741851684,56855.0
im_111.8deg_frame_1.bmp,836,986,25,25,836.4449228701994,985.5883029326177,0.08835916329245064,0.04403015525251817,127.69787133155594,25.444922870199466,4.258652022049849,22.27686845661821,1363.156588492893,2.3977262710390317,0.08835916329245064,0.09980815513127378,0.9841271554595018,131.04256725348418,24.588302932617726,3.2525783986898618,17.19218593107732,1068.3907033585388,1.5807386893799582,0.04403015525251817,0.047753472346600705,0.5266393607838911,55621.0
im_114.9deg_frame_1.bmp,866,984,25,25,865.9011572734656,983.9796421902843,0.07953929636886903,0.03769377939306557,148.26778443271886,24.901157273465586,4.482612029428169,22.5405465589748,1665.9727151656932,2.3909138191743473,0.07953929636886903,0.09081655648694503,1.0251324272572366,152.71706708147133,24.979642190284302,3.4260090287975578,16.990137852043,1311.4931065870653,1.5007327626917573,0.03769377939306557,0.041137420569870776,0.5193247311020568,57859.0
im_118.0deg_frame_1.bmp,896,982,25,25,895.6388053325555,982.1785127330887,0.051369822081116054,0.04237237292011863,171.55202599982076,24.63880533255556,4.26097786683874,20.654128213006135,1832.2935966101104,1.871759357703483,0.051369822081116054,0.05803223776101721,0.7685988452485238,177.69150273846117,25.17851273308874,3.427425434266563,15.988045583758037,1526.5977206678174,1.9621336551319297,0.04237237292011863,0.04624581285759554,0.679195261061949,58294.0
im_121.0deg_frame_1.bmp,928,980,25,25,926.897614250218,980.2655062660637,0.052278750790173426,0.031026345116622427,192.63788830340303,23.897614250218,4.2645318825676695,20.89557548144638,2059.221237803456,2.1373923814639113,0.052278750790173426,0.05906868222828126,0.878280913884292,197.7941219262794,25.265506266063678,3.340639699743984,13.4744613713074,1656.2769316354415,1.6388917401095944,0.031026345116622427,0.03375570054761304,0.5567081397882201,59302.0
im_123.9deg_frame_1.bmp,957,978,25,25,956.474633693923,978.1697941905696,0.06387855481043571,0.029606932412735144,199.53369862227862,24.474633693922986,4.272635825125255,21.20024204320438,2136.9879076126917,2.7003580650619408,0.06387855481043571,0.07220247537583036,1.1113895805929586,202.76659668183942,25.169794190569608,2.8347699354429508,17.243969189219385,1440.8015405320787,1.877481395657028,0.029606932412735144,0.031665004745030575,0.5679719115215947,58148.0
im_126.7deg_frame_1.bmp,985,976,25,25,984.8657629546623,976.5276180793835,0.04354713241686354,0.03149264054345415,217.78711799411366,24.865762954662284,4.37672634977915,18.63390893749346,2389.3045806229243,1.9652858064417305,0.04354713241686354,0.04946478301025697,0.825488630918569,223.05243311548148,25.527618079383526,3.1936550689718244,13.267939947577974,1785.6030023916162,1.9585138332129604,0.03149264054345415,0.034085439218431914,0.6439736913760098,59501.0
im_129.4deg_frame_1.bmp,1014,974,25,25,1013.9408335065228,974.683026085972,0.05668006516429481,0.021613310374087747,221.50689571365527,24.940833506522853,4.438022339315259,19.017054537460304,2464.147321011922,2.5687423286073456,0.05668006516429481,0.0645740906308061,1.0918968156135107,229.04021378525505,25.683026085971928,3.1941811711567416,15.8032187029208,1833.839064574488,1.3799886822864849,0.021613310374087747,0.023393165478428377,0.45380363673830004,59932.0
im_132.2deg_frame_1.bmp,1045,972,25,25,1044.187988010075,972.3648427268388,0.07309503007650117,0.07876030733526002,206.4249794912858,24.187988010075056,4.62998659080599,18.22606004768938,2395.697157218692,2.970461060457808,0.07309503007650117,0.08408581674631081,1.3103266523631951,209.7036850445225,25.36484272683884,3.5116676715781576,15.00189494061765,1845.905253864421,4.205927130634013,0.07876030733526002,0.08623021673734799,1.482418899684912,59897.0
im_134.9deg_frame_1.bmp,1073,971,25,25,1073.1489811404851,970.82518257268,0.05687497865043813,0.02181930778864685,222.207420292344,25.148981140485084,4.103020463408195,19.83305762998213,2285.3471225542194,2.7798445150613222,0.05687497865043813,0.06379254121479429,1.106387600211157,230.26905986790484,24.825182572679925,3.199570230956476,12.344229321290447,1846.7885337255343,1.3983606992114415,0.02181930778864685,0.02362053641565394,0.46039968547416427,59357.0
im_137.5deg_frame_1.bmp,1101,969,25,25,1100.8536906424717,968.8050297086444,0.05435752843869232,0.025216484925265386,236.19067362221176,24.853690642471726,4.026732286043113,19.920089508413742,2383.995524815815,2.873816859116096,0.05435752843869232,0.06076512359080553,1.126480923843162,236.36807147381717,24.805029708644383,2.9466635069580915,13.442809995241834,1745.8595005801685,1.7956211352796507,0.025216484925265386,0.027066689298438005,0.5578712233133268,59155.0
im_140.2deg_frame_1.bmp,1131,966,25,25,1130.1378553266675,966.2733769489842,0.04903400796528559,0.06975685973795114,224.06830037566021,24.13785532666749,4.509841355699493,16.46041808728321,2532.9791731240616,2.2152177752529245,0.04903400796528559,0.05606220350869444,0.954815055492763,222.00028330437917,25.27337694898417,3.0708808580097684,16.762804263723414,1708.8597874012535,4.483378874468076,0.06975685973795114,0.0751839116141955,1.4336850281957103,58677.0
im_142.8deg_frame_1.bmp,1160,964,25,25,1159.2781494535184,964.5712121659204,0.07201766367807054,0.050936721157659105,193.02599758940673,24.278149453518317,5.118662755042233,14.527322083474514,2476.6364287624897,2.5031813954236974,0.07201766367807054,0.08515704927241126,1.2118288504079844,193.93523488542928,25.571212165920397,3.291682479619986,12.656712992256681,1600.1643501185083,2.675588767631452,0.050936721157659105,0.055320577613544496,0.8991435116219619,58312.0
im_145.4deg_frame_1.bmp,1189,962,25,25,1188.0174662871443,962.8978801021385,0.04886443287455438,0.04605391337071162,200.22133884908078,24.01746628714426,4.956872487994363,14.644874725115553,2487.7574897595164,1.8121068529288615,0.04886443287455438,0.05722745413982023,0.8507861238064046,205.57630017192378,25.897880102138497,3.326067320764276,15.301326232759605,1713.933687944617,2.5389575673727136,0.04605391337071162,0.050079029120028186,0.859704462565627,58711.0
im_148.0deg_frame_1.bmp,1218,960,25,25,1217.5192228731637,960.5034084598645,0.05270083117115804,0.057773618588166535,215.59746976469432,24.51922287316361,4.72594666771194,15.339827467385145,2554.008922735189,2.1958733291479944,0.05270083117115804,0.06093276348663823,0.9866118342657086,213.04883827026123,25.503408459864524,3.2759389189643766,15.710728867871538,1749.4635570524235,3.349102963995999,0.057773618588166535,0.06271088277728173,1.1215810396901855,59425.0
im_150.6deg_frame_1.bmp,1246,958,25,25,1245.5988579360483,958.4424062156875,0.03447424811233371,0.049360290845951914,234.71142194303485,24.59885793604822,4.40399908006001,17.139527523449445,2591.023657047783,1.6672113232706138,0.03447424811233371,0.039210549952653335,0.7040137962714059,232.62774432514578,25.442406215687527,3.049124329270866,16.20042410154911,1777.9787947556367,3.3471844425417543,0.049360290845951914,0.05316163701167704,1.0650096249515095,59214.0
im_153.2deg_frame_1.bmp,1276,956,25,25,1274.9407531990216,956.370251951552,0.046376947771755314,0.05997304844739777,232.93955680954875,23.94075319902153,4.4546297102137125,15.879469870028093,2601.0265680631633,2.2027452510485106,0.046376947771755314,0.05287915443557255,0.9393457229763201,232.2198673650334,25.370251951551985,3.1772715067104413,12.350911404237987,1849.454430171119,3.902146930370463,0.05997304844739777,0.06487389959921157,1.2783502881782054,59370.0
im_155.8deg_frame_1.bmp,1305,953,25,25,1304.4629019582069,953.9035552271075,0.035046989701263714,0.0608146559755392,214.3031960043748,24.462901958206874,4.546243397590098,14.97712207686904,2442.143983678514,1.5032872696008015,0.035046989701263714,0.040143884280958185,0.6525241644368323,213.88083237749856,25.903555227107482,3.143766342487153,15.93129597316705,1685.4351999365113,3.6817465633170174,0.0608146559755392,0.06570840737675471,1.1970545021188792,58323.0
im_158.5deg_frame_1.bmp,1335,952,25,25,1334.4403637655842,951.9682930239268,0.0408939165152497,0.03611612814838546,217.492424650539,24.440363765584053,4.437440370420689,16.196577302509297,2419.171175423791,1.8199382255277834,0.0408939165152497,0.04658804991986283,0.773516462183581,217.84485152263005,24.9682930239268,3.0358367151932644,15.545259017593358,1657.7370485844613,2.3031001308967722,0.03611612814838546,0.038880261754722145,0.7305611459042155,58303.0
im_161.1deg_frame_1.bmp,1365,949,25,25,1364.640053441925,949.6215054981052,0.046471321609824985,0.03096224541546627,219.90071822405937,24.640053441924888,4.6226031304154,15.059561046461193,2548.0221033986977,2.014729112364908,0.046471321609824985,0.05343829262388761,0.8874689174123799,223.11826325627797,25.62150549810522,3.063534875683875,12.052858386992837,1713.3570806278694,2.004623193504734,0.03096224541546627,0.03336285788282743,0.6399542321477116,57385.0
im_163.8deg_frame_1.bmp,1396,947,25,25,1395.9280213518352,947.5801517440053,0.040508404548958835,0.030550766099912002,216.81243567703743,24.928021351835184,4.375407586504465,16.462104461135304,2377.8948046199966,1.8204580275621798,0.040508404548958835,0.0460102539868717,0.7644628319093743,220.5915901564548,25.580151744005338,2.993097383507261,15.679867789180008,1655.0066106220106,1.9998830967866006,0.030550766099912002,0.03284236739871773,0.6281220090214507,57307.0
im_166.6deg_frame_1.bmp,1429,945,25,25,1428.1106591698067,945.3660032167971,0.049981337608874736,0.030621223005832022,201.46500483998594,24.110659169806716,4.362967786315585,16.374211036474687,2203.2894716055157,2.092648980814542,0.049981337608874736,0.05673587648023557,0.8766312440098769,204.08860661516695,25.366003216797132,2.8642701205225807,15.774261949791157,1465.286901349979,1.9349894659200864,0.030621223005832022,0.03278061170192476,0.5895317645935388,55744.0
im_169.3deg_frame_1.bmp,1459,943,25,25,1458.1863396356594,943.1944286436247,0.03572615399885108,0.0326907839459716,204.7686869326116,24.186339635659277,4.0597399201633,16.46441669328113,2083.779167009441,1.625114998038267,0.03572615399885108,0.03999497635787996,0.6412340848829369,205.09024265242266,25.1944286436248,2.7798586174496105,15.978327592471773,1429.083620363547,2.136872461171722,0.0326907839459716,0.034902706039598705,0.6378925426519949,54859.0
im_172.1deg_frame_1.bmp,1491,940,25,25,1490.1648280584996,940.6610842713108,0.03242599262491683,0.02736685352318502,214.87725028584185,24.164828058499534,4.028874508011675,15.61956249727543,2170.0218767415545,1.5588588962177246,0.03242599262491683,0.036251674031355895,0.6113034073011182,219.30151225365154,25.661084271310795,2.8231098138397606,15.84231450867496,1551.8842746128764,1.8844326298662277,0.02736685352318502,0.029258405087752765,0.5684755320553012,54962.0
im_175.0deg_frame_1.bmp,1523,938,25,25,1522.3372646467362,938.2541440126349,0.037299190318816684,0.03193640314411728,202.85202643419396,24.33726464673623,4.0400121366289,16.05512690930799,2054.2436562734574,1.6884265019315463,0.037299190318816684,0.04172004300767174,0.6635937652515987,199.15098748153338,25.254144012634942,2.8476729473073243,15.90897589738939,1421.5512051268295,1.9803631763794651,0.03193640314411728,0.03417043512266567,0.6009597007276487,54622.0
im_178.0deg_frame_1.bmp,1556,936,25,25,1555.7918271048356,935.8673297009994,0.04171518328916004,0.031692859966800824,190.288239576396,24.791827104835562,3.981322229739257,16.919628646397012,1899.0185686037755,1.7957231775588556,0.04171518328916004,0.046541356858583606,0.6974981700502662,190.6324154615914,24.867329700999417,3.118047329034526,15.441158259819568,1489.9420870089368,1.7236825207834037,0.031692859966800824,0.03421312777140179,0.5571659644695135,54942.0
im_181.1deg_frame_1.bmp,1591,933,25,25,1590.316715812442,933.3723983306073,0.0322398518787598,0.023922930338968074,171.43413654739786,24.31671581244194,3.943350160258342,16.329140951250377,1694.542952799304,1.2615846791084404,0.0322398518787598,0.03591165214586964,0.4862871106745177,172.93012239168507,25.372398330607282,3.152914987360361,15.466022056550734,1366.6988971591775,1.167746414568328,0.023922930338968074,0.025856112407803288,0.380457479314833,54034.0
im_184.2deg_frame_1.bmp,1625,931,25,25,1623.8133399125377,931.044349313193,0.05077407828937118,0.03524930145359918,167.24644186498278,23.81333991253758,3.991335867514108,18.07467157878826,1673.2664220451015,1.9165194804752823,0.05077407828937118,0.056672634788547206,0.7459195457619563,166.99945140248175,25.04434931319302,3.180637539757078,16.231349671219906,1331.4325162905538,1.6476940243239762,0.03524930145359918,0.03813419561952383,0.5401934401062182,53822.0
im_187.5deg_frame_1.bmp,1659,928,25,25,1657.7955254325593,928.1586426030437,0.053650028028775804,0.02751784241743846,161.33682878607434,23.79552543255935,4.040188805248161,18.02202721608017,1633.898640374333,1.9314645477809333,0.053650028028775804,0.060009358685873294,0.7591434188346111,159.96704301806074,25.158642603043802,3.237676536564399,16.315264416872626,1298.2367807242902,1.2113172577189297,0.02751784241743846,0.029829168113328027,0.4022256138421783,52926.0
im_191.0deg_frame_1.bmp,1694,925,25,25,1692.9629574586056,925.1032854341639,0.06360033884207557,0.05244392790756252,133.88430095526166,23.9629574586057,4.166485976989937,19.01469832116331,1398.2650871396454,1.846484290594657,0.06360033884207557,0.07153868327398487,0.7442193646549949,141.1508880421362,25.10328543416396,3.491140742934444,13.675793867649036,1235.2103057350203,1.895581820216129,0.05244392790756252,0.057373709903165676,0.6651994869618071,52180.0
im_194.7deg_frame_1.bmp,1729,922,25,25,1728.6941570154893,922.253395249596,0.07227872844773561,0.05402038584532651,111.76456715410208,24.69415701548927,4.3117503339042775,18.92107123975478,1207.946445938138,1.6971427585451087,0.07227872844773561,0.08184716377899559,0.7038706017135432,114.81644941967538,25.253395249596025,3.695557955680168,14.008208864620585,1063.5895565365277,1.504858220769606,0.05402038584532651,0.05956536398504811,0.5513385242122223,50533.0
im_198.6deg_frame_1.bmp,1765,920,25,25,1764.424760990564,919.5120597553229,0.080926618368164,0.09075837184846591,101.62668489757944,24.424760990564007,3.9866846795877033,19.068613250880002,1015.5693382781695,1.858183597852284,0.080926618368164,0.09030998296637151,0.7225361395946944,98.74655161235977,24.512059755322873,3.7475790739289003,16.727917224460203,927.6041388061174,2.145913857561179,0.09075837184846591,0.10028203471360266,0.7947269993474892,50033.0
im_202.9deg_frame_1.bmp,1800,918,25,25,1799.5855631263819,916.4221971591521,0.1169932850235166,0.15328130884467056,83.22005291669817,24.58556312638179,4.045312342223202,19.3428163303884,843.8591839542161,2.1699792053158404,0.1169932850235166,0.13089029738758787,0.8537690817979406,78.66637293805908,23.422197159152116,4.324775774914195,16.04417837421333,852.7910945927949,2.5263235754539677,0.15328130884467056,0.17367902344124314,1.0504160556491402,49067.0
im_207.7deg_frame_1.bmp,1834,913,25,25,1833.87991485655,913.2290115807973,0.10328936723093653,0.12993753945213746,71.90160484950765,24.879914856549874,3.9696267965215064,18.091035958378583,715.4482022720229,1.6847046687076588,0.10328936723093653,0.11518158624010928,0.6528340081705215,78.40382253568555,25.229011580797344,4.037953089813726,16.688483094869092,793.5758454646902,2.2744896624701614,0.12993753945213746,0.14532513248724133,0.8935596310703339,47135.0
im_213.4deg_frame_1.bmp,1870,910,25,25,1869.5416769053832,909.8126892698191,0.1309572035510205,0.11799155534147951,56.25535811999282,24.541676905383255,4.383242912841432,17.478267019360796,618.0866553945975,1.5244906288427273,0.1309572035510205,0.1488003191358153,0.6411630544812772,56.27612130473699,24.812689269819113,4.196502559070679,16.740548637527038,591.9725701479011,1.430336800446158,0.11799155534147951,0.1328999014610194,0.579928998550617,45938.0
im_238.0deg_frame_1.bmp,1945,902,25,25,1944.4815190414347,902.2472083193977,0.09115841609800181,0.13394175612559964,52.14046317774073,24.481519041434712,4.0678198187391805,16.52698265429972,531.6508675371088,1.0538948636089254,0.09115841609800181,0.10208700255116956,0.4165179980680659,49.53732325340264,25.24720831939773,4.531091621596339,16.767337606604922,562.6331461381903,1.332064193808061,0.13394175612559964,0.1533038201119113,0.5765183766417182,44604.0
